title,avg_rating,Class
[Cargo],2.5,"Flop movie"
#Captured,6.1,"One-time-watch movie"
#Followme,4.3,"Flop movie"
#Selfi,5.1,"One-time-watch movie"
#SquadGoals,4.0,"Flop movie"
"1 Buck",6.0,"One-time-watch movie"
"100 Ghost Street: The Return of Richard Speck",3.9,"Flop movie"
10x10,5.0,"One-time-watch movie"
118,6.6,"One-time-watch movie"
"12 Feet Deep",5.6,"One-time-watch movie"
122,7.1,"Hit movie"
"18am Padi",6.2,"One-time-watch movie"
2:22,5.8,"One-time-watch movie"
"200 Degrees",4.4,"Flop movie"
"2036 Origin Unknown",4.6,"Flop movie"
"22-nenme no kokuhaku: Watashi ga satsujinhan desu",6.8,"One-time-watch movie"
"24 Hours to Live",5.7,"One-time-watch movie"
3,4.2,"Flop movie"
"3 Lives",3.2,"Flop movie"
"3 ting",5.5,"One-time-watch movie"
"30 Miles from Nowhere",4.2,"Flop movie"
"4 Rah Istanbul",5.5,"One-time-watch movie"
"5 è il numero perfetto",6.0,"One-time-watch movie"
"5 Frauen",4.7,"Flop movie"
"59 Seconds",7.1,"Hit movie"
"5th Passenger",3.1,"Flop movie"
"7 Hosil",5.7,"One-time-watch movie"
"7 Nyeon-eui bam",5.9,"One-time-watch movie"
"7 Splinters in Time",3.3,"Flop movie"
"7 Witches",3.5,"Flop movie"
"70 Binladens",5.8,"One-time-watch movie"
706,5.3,"One-time-watch movie"
"8 Remains",4.0,"Flop movie"
"8 Thottakkal",7.6,"Hit movie"
9/11,4.1,"Flop movie"
"A Crooked Somebody",6.2,"One-time-watch movie"
"A Deadly View",3.2,"Flop movie"
"A Death in the Gunj",7.5,"Hit movie"
"A Good Woman Is Hard to Find",6.1,"One-time-watch movie"
"A Life Not to Follow",7.3,"Hit movie"
"A Lover Betrayed",5.4,"One-time-watch movie"
"A martfüi rém",7.0,"Hit movie"
"A Night to Regret",5.2,"One-time-watch movie"
"A Patch of Fog",6.5,"One-time-watch movie"
"A Place in Hell",3.0,"Flop movie"
"A Room to Die For",3.4,"Flop movie"
"A Tale of Shadows",5.9,"One-time-watch movie"
"A Thought of Ecstasy",4.1,"Flop movie"
"A Violent Man",5.8,"One-time-watch movie"
"A Violent Separation",5.5,"One-time-watch movie"
"A Young Man with High Potential",5.6,"One-time-watch movie"
Aadai,6.4,"One-time-watch movie"
Aadhi,6.7,"One-time-watch movie"
Aake,6.0,"One-time-watch movie"
"Aala Kaf Ifrit",7.0,"Hit movie"
"Aapla Manus",7.5,"Hit movie"
Abduct,4.8,"Flop movie"
"Above Ground",4.0,"Flop movie"
"Abrahaminte Santhathikal",7.7,"Hit movie"
Abrakadabra,5.7,"One-time-watch movie"
Abstruse,9.0,"Superhit movie"
"Absurd Accident",6.1,"One-time-watch movie"
Accident,3.3,"Flop movie"
"Accident Man",6.2,"One-time-watch movie"
"According to Mathew",6.8,"One-time-watch movie"
"Ach spij kochanie",5.5,"One-time-watch movie"
Acrimony,5.8,"One-time-watch movie"
"Acts of Vengeance",5.7,"One-time-watch movie"
Acusada,6.1,"One-time-watch movie"
"Adam Joan",6.5,"One-time-watch movie"
"Adanga Maru",7.1,"Hit movie"
"Adhe Kangal",7.3,"Hit movie"
"Adios Vaya Con Dios",8.4,"Superhit movie"
Aftermath,5.7,"One-time-watch movie"
"Against the Clock",2.6,"Flop movie"
"Against the Night",4.9,"Flop movie"
Agent,3.9,"Flop movie"
Ah-ga-ssi,8.1,"Superhit movie"
"Ai-naki Mori de Sakebe",6.4,"One-time-watch movie"
Aiyaary,5.2,"One-time-watch movie"
"Al Asleyeen",7.0,"Hit movie"
Alcoholist,5.0,"One-time-watch movie"
"Alien Domicile 2: Lot 24",7.9,"Hit movie"
"Alien: Covenant",6.4,"One-time-watch movie"
"All Light Will End",4.3,"Flop movie"
Allure,4.9,"Flop movie"
"Along Came the Devil 2",4.2,"Flop movie"
"Alpha Wolf",3.1,"Flop movie"
"Alpha: The Right to Kill",6.2,"One-time-watch movie"
"Altered Hours",4.7,"Flop movie"
Alterscape,5.8,"One-time-watch movie"
Altitude,4.0,"Flop movie"
Amavas,2.8,"Flop movie"
Ambition,3.1,"Flop movie"
"American Assassin",6.2,"One-time-watch movie"
"American Criminal",7.6,"Hit movie"
"American Dreamer",5.6,"One-time-watch movie"
"American Fable",6.2,"One-time-watch movie"
"American Gothic",3.7,"Flop movie"
"American Hangman",5.9,"One-time-watch movie"
"American Pets",4.5,"Flop movie"
"American Satan",5.5,"One-time-watch movie"
"American Violence",4.5,"Flop movie"
"Amityville: Mt. Misery Rd.",6.8,"One-time-watch movie"
"Amityville: The Awakening",4.8,"Flop movie"
Amok,5.8,"One-time-watch movie"
"Among Us",4.3,"Flop movie"
"An Affair to Die For",4.6,"Flop movie"
"An Ordinary Man",5.4,"One-time-watch movie"
"Ana de día",5.6,"One-time-watch movie"
"Anabolic Life",6.0,"One-time-watch movie"
Andhadhun,8.4,"Superhit movie"
"Angamaly Diaries",8.0,"Superhit movie"
"Angel Has Fallen",6.5,"One-time-watch movie"
"Angel of Mine",6.6,"One-time-watch movie"
Angelica,4.9,"Flop movie"
Animal,6.2,"One-time-watch movie"
Ánimas,4.7,"Flop movie"
Anna,6.6,"One-time-watch movie"
"Annabelle Comes Home",5.9,"One-time-watch movie"
"Annabelle: Creation",6.5,"One-time-watch movie"
"Annabellum: The Curse of Salem",2.9,"Flop movie"
"Anonymous 616",5.3,"One-time-watch movie"
"Another Soul",2.0,"Flop movie"
Antisocial.app,2.6,"Flop movie"
Apotheosis,5.3,"One-time-watch movie"
"Apró mesék",7.3,"Hit movie"
Araña,6.7,"One-time-watch movie"
"Arise from Darkness",7.6,"Hit movie"
Arizona,5.7,"One-time-watch movie"
Armed,3.3,"Flop movie"
"Armed Response",3.7,"Flop movie"
Armomurhaaja,6.8,"One-time-watch movie"
Arsenal,4.0,"Flop movie"
"Art of Deception",4.0,"Flop movie"
Artik,4.0,"Flop movie"
"As Worlds Collide",7.7,"Hit movie"
"Ascent to Hell",4.4,"Flop movie"
"Aschhe Abar Shabor",6.2,"One-time-watch movie"
Asher,5.4,"One-time-watch movie"
"Askin Gören Gözlere Ihtiyaci yok",5.2,"One-time-watch movie"
Assimilate,5.7,"One-time-watch movie"
Astro,2.1,"Flop movie"
"Asylum of Fear",3.4,"Flop movie"
Athiran,6.8,"One-time-watch movie"
"Atomic Blonde",6.7,"One-time-watch movie"
Aurora,4.3,"Flop movie"
"Aus dem Nichts",7.1,"Hit movie"
Aux,4.2,"Flop movie"
"Avenge the Crows",5.2,"One-time-watch movie"
Avengement,6.5,"One-time-watch movie"
"Awaken the Shadowman",4.3,"Flop movie"
Awe!,7.9,"Hit movie"
Axis,4.0,"Flop movie"
"B. Tech",6.2,"One-time-watch movie"
B&B,5.3,"One-time-watch movie"
Baadshaho,4.9,"Flop movie"
"Baaghi 2",5.0,"One-time-watch movie"
Baaji,7.1,"Hit movie"
Baazaar,6.6,"One-time-watch movie"
"Babumoshai Bandookbaaz",6.9,"One-time-watch movie"
"Back Roads",7.0,"Hit movie"
"Bad Blood",4.3,"Flop movie"
"Bad Day for the Cut",6.5,"One-time-watch movie"
"Bad Frank",5.0,"One-time-watch movie"
"Bad Girl",5.6,"One-time-watch movie"
"Bad Kids of Crestview Academy",6.2,"One-time-watch movie"
"Bad Match",5.5,"One-time-watch movie"
"Bad Samaritan",6.4,"One-time-watch movie"
"Bagh bandi khela",4.6,"Flop movie"
Bairavaa,5.9,"One-time-watch movie"
Ballon,7.6,"Hit movie"
Balloon,4.7,"Flop movie"
"Ban-deu-si jab-neun-da",6.5,"One-time-watch movie"
"Bang jia zhe",5.1,"One-time-watch movie"
"Bank Chor",5.9,"One-time-watch movie"
"Barot House",7.2,"Hit movie"
Barracuda,5.5,"One-time-watch movie"
"Batla House",7.3,"Hit movie"
Bbaengban,5.5,"One-time-watch movie"
"Be Afraid",4.7,"Flop movie"
"Be My Cat: A Film for Anne",6.3,"One-time-watch movie"
"Be Vaghte Sham",5.5,"One-time-watch movie"
"Beach House",6.8,"One-time-watch movie"
"Beacon Point",5.9,"One-time-watch movie"
"Beautiful Manasugalu",7.8,"Hit movie"
Beirut,6.4,"One-time-watch movie"
"Bell Bottom",8.7,"Superhit movie"
"Beneath the Leaves",4.5,"Flop movie"
"Beneath Us",5.1,"One-time-watch movie"
Bent,5.4,"One-time-watch movie"
Benzersiz,4.8,"Flop movie"
Benzin,5.3,"One-time-watch movie"
"Berlin Falling",6.2,"One-time-watch movie"
Berserk,3.6,"Flop movie"
Besetment,3.5,"Flop movie"
"Best F(r)iends: Volume 1",5.5,"One-time-watch movie"
"Best F(r)iends: Volume 2",5.1,"One-time-watch movie"
Betrayed,6.3,"One-time-watch movie"
"Between Worlds",4.6,"Flop movie"
"Beyond the Night",5.2,"One-time-watch movie"
"Beyond the Sky",5.8,"One-time-watch movie"
"Beyond White Space",4.5,"Flop movie"
"Bez menya",5.7,"One-time-watch movie"
Bhaagamathie,7.0,"Hit movie"
"Billionaire Boys Club",5.6,"One-time-watch movie"
"Billy Boy",4.3,"Flop movie"
"Birbal Trilogy",8.8,"Superhit movie"
Bitch,5.0,"One-time-watch movie"
"Black Butterfly",6.1,"One-time-watch movie"
"Black Wake",2.1,"Flop movie"
"Black Water",4.6,"Flop movie"
Blackmail,7.0,"Hit movie"
Blackmark,4.4,"Flop movie"
Blank,6.0,"One-time-watch movie"
"Blood Bound",4.2,"Flop movie"
"Blood Child",7.8,"Hit movie"
"Blood Craft",3.5,"Flop movie"
"Blood Money",4.5,"Flop movie"
"Blood Prism",2.6,"Flop movie"
"Blood Stripe",6.1,"One-time-watch movie"
"Blood Vow",6.4,"One-time-watch movie"
Bloodlands,5.8,"One-time-watch movie"
Bloodline,6.0,"One-time-watch movie"
"Bloody Crayons",5.6,"One-time-watch movie"
Blowtorch,4.2,"Flop movie"
"Bluff Master",6.5,"One-time-watch movie"
"BNB Hell",5.5,"One-time-watch movie"
Boar,5.1,"One-time-watch movie"
"Body at Brighton Rock",4.6,"Flop movie"
"Body Keepers",2.8,"Flop movie"
"Body of Deceit",4.2,"Flop movie"
"Body of Sin",4.7,"Flop movie"
Bodysnatch,3.1,"Flop movie"
Bogan,6.4,"One-time-watch movie"
Boi,4.8,"Flop movie"
"Bonded by Blood 2",5.8,"One-time-watch movie"
"Bonehill Road",6.3,"One-time-watch movie"
Boomerang,5.6,"One-time-watch movie"
"Bordo Bereliler Afrin",1.5,"Flop movie"
"Bornoporichoy: A Grammar Of Death",5.1,"One-time-watch movie"
Börü,7.0,"Hit movie"
Botoks,3.7,"Flop movie"
"Bottle Girl",4.7,"Flop movie"
"Bottom of the World",5.4,"One-time-watch movie"
"Boyne Falls",6.8,"One-time-watch movie"
Braid,5.4,"One-time-watch movie"
Braxton,3.6,"Flop movie"
"Break-Up Nightmare",4.5,"Flop movie"
"Breakdown Forest - Reise in den Abgrund",7.5,"Hit movie"
"Breaking Point",2.7,"Flop movie"
Brimstone,7.1,"Hit movie"
Brokedown,7.2,"Hit movie"
"Broken Ghost",5.0,"One-time-watch movie"
"Broken Star",4.2,"Flop movie"
"Brothers in Arms",5.5,"One-time-watch movie"
"Buckout Road",4.0,"Flop movie"
"Bullet Head",5.4,"One-time-watch movie"
"Bullitt County",4.9,"Flop movie"
Bumperkleef,6.3,"One-time-watch movie"
"Bundy and the Green River Killer",3.8,"Flop movie"
Burn,5.6,"One-time-watch movie"
"Burn Out",6.1,"One-time-watch movie"
"Burning Kiss",3.6,"Flop movie"
"But Deliver Us from Evil",2.7,"Flop movie"
BuyBust,5.8,"One-time-watch movie"
Byeonshin,5.3,"One-time-watch movie"
"Byomkesh Gotro",6.3,"One-time-watch movie"
Cabaret,3.5,"Flop movie"
Cage,3.6,"Flop movie"
"Cain Hill",3.5,"Flop movie"
Calibre,6.7,"One-time-watch movie"
"Call of the Wolf",5.9,"One-time-watch movie"
Callback,6.6,"One-time-watch movie"
"Caller ID",4.1,"Flop movie"
Cam,5.9,"One-time-watch movie"
"Camera Obscura",4.6,"Flop movie"
"Canal Street",3.9,"Flop movie"
Candiland,4.3,"Flop movie"
"Candy Corn",3.8,"Flop movie"
"Capps Crossing",4.3,"Flop movie"
"Captive State",6.0,"One-time-watch movie"
Carbon,6.9,"One-time-watch movie"
Carbone,6.6,"One-time-watch movie"
Cardinals,5.5,"One-time-watch movie"
Caretakers,7.5,"Hit movie"
"Carnivore: Werewolf of London",3.3,"Flop movie"
Carnivores,5.2,"One-time-watch movie"
"Catskill Park",3.7,"Flop movie"
"Central Park",3.7,"Flop movie"
Cereyan,4.5,"Flop movie"
"Chai dan zhuan jia",6.3,"One-time-watch movie"
Chanakya,5.4,"One-time-watch movie"
Chanakyatanthram,5.6,"One-time-watch movie"
Chappaquiddick,6.5,"One-time-watch movie"
Charmøren,6.7,"One-time-watch movie"
Chase,7.2,"Hit movie"
"Check Point",3.2,"Flop movie"
"Chimera Strain",5.4,"One-time-watch movie"
"Christmas Crime Story",4.3,"Flop movie"
"Circus of the Dead",6.0,"One-time-watch movie"
"City of Tiny Lights",5.5,"One-time-watch movie"
"Cleavers: Killer Clowns",2.9,"Flop movie"
Clickbait,6.1,"One-time-watch movie"
Clinical,5.1,"One-time-watch movie"
Close,5.6,"One-time-watch movie"
"Close Calls",5.0,"One-time-watch movie"
Clowntergeist,2.9,"Flop movie"
"Çocuklar Sana Emanet",5.3,"One-time-watch movie"
"Coffin 2",5.5,"One-time-watch movie"
"Cola de Mono",5.4,"One-time-watch movie"
"Cold Blood Legacy",4.5,"Flop movie"
"Cold November",4.5,"Flop movie"
"Come to Daddy",6.7,"One-time-watch movie"
"Commando 2",5.2,"One-time-watch movie"
"Cómprame un revolver",6.6,"One-time-watch movie"
"Contract to Kill",3.4,"Flop movie"
Contratiempo,8.1,"Superhit movie"
Convergence,4.3,"Flop movie"
"Corbin Nash",5.2,"One-time-watch movie"
Corporate,6.4,"One-time-watch movie"
Countdown,5.4,"One-time-watch movie"
Countrycide,2.0,"Flop movie"
"Coyote Lake",4.8,"Flop movie"
"Cradle Robber",5.0,"One-time-watch movie"
"Created Equal",5.1,"One-time-watch movie"
"Creep 2",6.4,"One-time-watch movie"
"Creep Nation",4.2,"Flop movie"
"Cruel Summer",5.3,"One-time-watch movie"
Crypto,5.6,"One-time-watch movie"
CTRL,3.0,"Flop movie"
"Cuando los ángeles duermen",5.4,"One-time-watch movie"
Cuck,6.3,"One-time-watch movie"
"Cucuy: The Boogeyman",4.6,"Flop movie"
"Curse of the Nun",2.8,"Flop movie"
Curvature,5.0,"One-time-watch movie"
"Cut Shoot Kill",4.4,"Flop movie"
"Cut to the Chase",4.7,"Flop movie"
Cutterhead,6.1,"One-time-watch movie"
"Cyber Case",5.0,"One-time-watch movie"
"Daas Dev",5.1,"One-time-watch movie"
Dagenham,3.0,"Flop movie"
"Damascus Cover",5.1,"One-time-watch movie"
"Dangerous Company",4.7,"Flop movie"
"Danmarks sønner",6.6,"One-time-watch movie"
Darc,5.8,"One-time-watch movie"
"Dark Beacon",6.4,"One-time-watch movie"
"Dark Cove",5.6,"One-time-watch movie"
"Dark Iris",4.1,"Flop movie"
"Dark Meridian",4.7,"Flop movie"
"Dark River",5.8,"One-time-watch movie"
"Dark Sense",4.3,"Flop movie"
"Darkness Visible",5.5,"One-time-watch movie"
Darling,5.5,"One-time-watch movie"
"Das Ende der Wahrheit",6.2,"One-time-watch movie"
Dassehra,3.8,"Flop movie"
"Daughter of the Wolf",5.7,"One-time-watch movie"
"Dead Awake",4.6,"Flop movie"
"Dead on Arrival",6.1,"One-time-watch movie"
"Dead Water",3.2,"Flop movie"
"Deadly Crush",6.3,"One-time-watch movie"
"Deadly Exchange",4.9,"Flop movie"
"Deadly Expose",3.3,"Flop movie"
"Deadly Sanctuary",3.7,"Flop movie"
"Deadly Switch",4.5,"Flop movie"
"Deadman Standing",4.8,"Flop movie"
"Death Game",6.6,"One-time-watch movie"
"Death Pool",3.0,"Flop movie"
"Deception: Oo Pel Dan Myin",8.2,"Superhit movie"
"Deep Burial",4.1,"Flop movie"
Defective,3.5,"Flop movie"
"Del Playa",3.7,"Flop movie"
Delirium,3.2,"Flop movie"
Delirium,5.7,"One-time-watch movie"
"Dementia 13",4.3,"Flop movie"
"Demon House",5.2,"One-time-watch movie"
Demonic,5.3,"One-time-watch movie"
"Demonios tus ojos",5.5,"One-time-watch movie"
"Den 12. mann",7.4,"Hit movie"
"Den enda vägen",5.9,"One-time-watch movie"
"Den skyldige",7.5,"Hit movie"
Depraved,4.9,"Flop movie"
"Der müde Tod",7.7,"Hit movie"
Desolation,5.8,"One-time-watch movie"
Desolation,4.5,"Flop movie"
Despair,7.8,"Hit movie"
Detour,6.2,"One-time-watch movie"
"Deviant Love",3.5,"Flop movie"
"Devil in the Dark",4.7,"Flop movie"
"Dhaka Attack",8.0,"Superhit movie"
Dharmayuddhaya,8.0,"Superhit movie"
"Die Hölle",6.5,"One-time-watch movie"
"Die in One Day",4.8,"Flop movie"
"Die Vierhändige",6.4,"One-time-watch movie"
"Die, My Dear",5.3,"One-time-watch movie"
Digbhayam,9.2,"Superhit movie"
"Direnis Karatay",7.0,"Hit movie"
Discarnate,4.2,"Flop movie"
Dismissed,5.7,"One-time-watch movie"
Displacement,4.5,"Flop movie"
Distorted,5.3,"One-time-watch movie"
Diverge,4.5,"Flop movie"
"Division 19",5.8,"One-time-watch movie"
"Diwanji Moola Grand Prix",4.8,"Flop movie"
Diya,5.7,"One-time-watch movie"
Do-eo-lak,6.2,"One-time-watch movie"
Doe,5.1,"One-time-watch movie"
Dogman,7.3,"Hit movie"
"Dokyala Shot",9.2,"Superhit movie"
"Doll Cemetery",3.3,"Flop movie"
Domino,4.4,"Flop movie"
Donnybrook,5.3,"One-time-watch movie"
"Door in the Woods",3.4,"Flop movie"
Downrange,5.4,"One-time-watch movie"
"Downward Twin",4.1,"Flop movie"
Dressage,5.7,"One-time-watch movie"
Drifter,3.6,"Flop movie"
Drive,2.3,"Flop movie"
Driven,6.2,"One-time-watch movie"
Drone,5.3,"One-time-watch movie"
Duelles,6.2,"One-time-watch movie"
Dukun,6.9,"One-time-watch movie"
"Duverný neprítel",5.5,"One-time-watch movie"
E-Demon,3.3,"Flop movie"
"Easy Living",4.8,"Flop movie"
ECCO,5.0,"One-time-watch movie"
"Edge of Fear",4.4,"Flop movie"
"Edge of Isolation",3.4,"Flop movie"
"El ataúd de cristal",5.3,"One-time-watch movie"
"El bar",6.3,"One-time-watch movie"
"El Complot Mongol",5.7,"One-time-watch movie"
"El crack cero",7.4,"Hit movie"
"El desentierro",4.9,"Flop movie"
"El guardián invisible",6.3,"One-time-watch movie"
"El Hijo",5.4,"One-time-watch movie"
"El Hoyo",7.3,"Hit movie"
"El otro hermano",6.5,"One-time-watch movie"
"El pacto",5.3,"One-time-watch movie"
"El reino",7.3,"Hit movie"
"El silencio de la ciudad blanca",5.4,"One-time-watch movie"
El-Khaliyyah,6.5,"One-time-watch movie"
"Elizabeth Harvest",5.7,"One-time-watch movie"
Elle,7.1,"Hit movie"
Eloise,4.6,"Flop movie"
"Empathy, Inc.",4.3,"Flop movie"
"En affære",5.7,"One-time-watch movie"
Enclosure,4.1,"Flop movie"
"End Trip",7.3,"Hit movie"
Enigma,8.8,"Superhit movie"
"Escape Plan: The Extractors",4.4,"Flop movie"
"Escape Room",4.2,"Flop movie"
Eshtebak,7.5,"Hit movie"
Eter,5.5,"One-time-watch movie"
Evaru,8.3,"Superhit movie"
Everfall,3.5,"Flop movie"
"Every Time I Die",4.7,"Flop movie"
Excursion,7.3,"Hit movie"
ExPatriot,4.1,"Flop movie"
Extracurricular,6.2,"One-time-watch movie"
"Extracurricular Activities",6.1,"One-time-watch movie"
Eyewitness,4.7,"Flop movie"
Ezra,6.7,"One-time-watch movie"
F20,5.1,"One-time-watch movie"
"Face of Evil",2.8,"Flop movie"
"Fahrenheit 451",4.9,"Flop movie"
"Falaknuma Das",6.3,"One-time-watch movie"
"Family Blood",4.2,"Flop movie"
"Family Vanished",4.3,"Flop movie"
Fantasma,4.2,"Flop movie"
Fantasten,6.2,"One-time-watch movie"
Fanxiao,7.6,"Hit movie"
Fare,4.3,"Flop movie"
Fashionista,5.5,"One-time-watch movie"
"Fast Color",5.8,"One-time-watch movie"
"Fear Bay",4.2,"Flop movie"
Feedback,5.4,"One-time-watch movie"
Feedback,7.4,"Hit movie"
"Female Human Animal",5.5,"One-time-watch movie"
"Fifty Shades Freed",4.5,"Flop movie"
"Fighting the Sky",3.0,"Flop movie"
"Final Score",5.7,"One-time-watch movie"
"First Kill",5.0,"One-time-watch movie"
"First Light",5.5,"One-time-watch movie"
"First Reformed",7.1,"Hit movie"
"Five Fingers for Marseilles",6.2,"One-time-watch movie"
Fixeur,6.7,"One-time-watch movie"
Followers,3.7,"Flop movie"
Forushande,7.8,"Hit movie"
"Foto na pamyat",3.1,"Flop movie"
Found,5.8,"One-time-watch movie"
Fractured,5.6,"One-time-watch movie"
Fractured,6.3,"One-time-watch movie"
"Frazier Park Recut",5.1,"One-time-watch movie"
Freaks,6.9,"One-time-watch movie"
Freddy/Eddy,6.4,"One-time-watch movie"
"Frères ennemis",6.3,"One-time-watch movie"
"From a House on Willow Street",5.0,"One-time-watch movie"
Fuga,6.4,"One-time-watch movie"
Funôhan,5.3,"One-time-watch movie"
"Furthest Witness",4.1,"Flop movie"
"Gaddalakonda Ganesh",7.0,"Hit movie"
"Gali Guleiyan",7.1,"Hit movie"
"Game of Death",5.9,"One-time-watch movie"
"Game Over",7.2,"Hit movie"
Garbage,3.3,"Flop movie"
"Gas Light",4.1,"Flop movie"
"Gatta Cenerentola",6.8,"One-time-watch movie"
"Gehenna: Where Death Lives",5.0,"One-time-watch movie"
"Gemini Ganeshanum Suruli Raajanum",5.8,"One-time-watch movie"
Genius,4.6,"Flop movie"
Geostorm,5.3,"One-time-watch movie"
"Get Out",7.7,"Hit movie"
"Ghatel-e ahli",4.4,"Flop movie"
Ghost,8.7,"Superhit movie"
"Ghost House",4.7,"Flop movie"
"Ghost Note",5.8,"One-time-watch movie"
"Gi-eok-ui bam",7.4,"Hit movie"
"Girl Followed",4.9,"Flop movie"
Glass,6.7,"One-time-watch movie"
"Glass Jaw",7.2,"Hit movie"
"Gogol. Strashnaya mest",5.9,"One-time-watch movie"
"Gogol. Viy",5.8,"One-time-watch movie"
"Gol-deun seul-leom-beo",5.8,"One-time-watch movie"
"Good Time",7.3,"Hit movie"
Goodachari,7.8,"Hit movie"
Goodland,5.1,"One-time-watch movie"
Gremlin,3.8,"Flop movie"
Greta,6.0,"One-time-watch movie"
Grinder,4.0,"Flop movie"
"Gunned Down",5.1,"One-time-watch movie"
Gurgaon,6.6,"One-time-watch movie"
Ha-roo,6.8,"One-time-watch movie"
Haebing,6.4,"One-time-watch movie"
Halloween,6.6,"One-time-watch movie"
"Halloween Horror Tales",1.9,"Flop movie"
"Halt: The Motion Picture",3.7,"Flop movie"
"Hank Boyd Is Dead",4.6,"Flop movie"
"Happy Death Day",6.5,"One-time-watch movie"
Harmony,5.3,"One-time-watch movie"
"Haseena Parkar",4.2,"Flop movie"
"Hate Story IV",3.3,"Flop movie"
Hattrick,5.9,"One-time-watch movie"
Haunt,6.3,"One-time-watch movie"
Haunted,4.6,"Flop movie"
"Havana Darkness",3.9,"Flop movie"
Havenhurst,4.8,"Flop movie"
Haze,6.0,"One-time-watch movie"
"Head Count",5.3,"One-time-watch movie"
Heartthrob,5.5,"One-time-watch movie"
Hebbuli,7.2,"Hit movie"
"Heesaeng boohwalja",5.7,"One-time-watch movie"
Heilstätten,4.1,"Flop movie"
"Hell Is Where the Home Is",5.8,"One-time-watch movie"
"Hell of a Night",3.3,"Flop movie"
Hesperia,4.1,"Flop movie"
Hex,4.9,"Flop movie"
Hex,4.9,"Flop movie"
HHhH,6.4,"One-time-watch movie"
"Hide in the Light",3.7,"Flop movie"
"High Heel Homicide",3.6,"Flop movie"
"Higher Power",5.4,"One-time-watch movie"
"His Perfect Obsession",5.2,"One-time-watch movie"
"Hitsuji no ki",6.4,"One-time-watch movie"
"Hollow in the Land",5.6,"One-time-watch movie"
"Home Is Where the Killer Is",4.6,"Flop movie"
Homestay,7.5,"Hit movie"
"Hometown Killer",5.8,"One-time-watch movie"
"Hong hai xing dong",6.7,"One-time-watch movie"
"Hong yi xiao nu hai 2",5.5,"One-time-watch movie"
Hongo,6.3,"One-time-watch movie"
Hospitality,4.5,"Flop movie"
"Hotel Mumbai",7.6,"Hit movie"
"Hounds of Love",6.5,"One-time-watch movie"
"House by the Lake",3.6,"Flop movie"
"House of Afflictions",2.5,"Flop movie"
Housewife,4.8,"Flop movie"
"Hunter Killer",6.6,"One-time-watch movie"
"Hush Money",6.0,"One-time-watch movie"
Hyeob-sang,6.5,"One-time-watch movie"
"I Before Thee",3.5,"Flop movie"
"I Kill Giants",6.2,"One-time-watch movie"
"I See You",2.6,"Flop movie"
"I Spit on Your Grave: Deja Vu",2.4,"Flop movie"
"I Still See You",5.8,"One-time-watch movie"
Identical,3.4,"Flop movie"
"Il permesso - 48 ore fuori",6.0,"One-time-watch movie"
"Il signor Diavolo",6.3,"One-time-watch movie"
"Il testimone invisibile",6.7,"One-time-watch movie"
Illicit,4.7,"Flop movie"
Illusions,7.2,"Hit movie"
"Immigration Game",3.3,"Flop movie"
"In Darkness",5.8,"One-time-watch movie"
"In Extremis",4.3,"Flop movie"
"In the Cloud",3.6,"Flop movie"
"In the Tall Grass",5.5,"One-time-watch movie"
"In This Gray Place",6.9,"One-time-watch movie"
"In un giorno la fine",5.4,"One-time-watch movie"
Incitement,7.5,"Hit movie"
Incoming,3.2,"Flop movie"
Inconceivable,5.2,"One-time-watch movie"
Incontrol,4.2,"Flop movie"
"Indu Sarkar",6.0,"One-time-watch movie"
"Infection: The Invasion Begins",2.3,"Flop movie"
"Infinity Chamber",6.2,"One-time-watch movie"
Inhumane,2.9,"Flop movie"
Innuendo,5.5,"One-time-watch movie"
"Inori no maku ga oriru toki",7.1,"Hit movie"
Inside,5.1,"One-time-watch movie"
"Insidious: The Last Key",5.7,"One-time-watch movie"
Insomnium,5.5,"One-time-watch movie"
Inspiration,7.1,"Hit movie"
Instakiller,4.7,"Flop movie"
Instinct,6.4,"One-time-watch movie"
"Intensive Care",3.8,"Flop movie"
Inuyashiki,6.7,"One-time-watch movie"
"Investigation 13",4.6,"Flop movie"
Involution,3.6,"Flop movie"
Ira,5.6,"One-time-watch movie"
Ira,6.9,"One-time-watch movie"
Irada,6.2,"One-time-watch movie"
"Iravukku Aayiram Kangal",7.3,"Hit movie"
"Irumbu Thirai",7.7,"Hit movie"
"Is This Now",7.8,"Hit movie"
Isabelle,4.3,"Flop movie"
Ishq,7.6,"Hit movie"
"It Kills",2.4,"Flop movie"
Ittefaq,7.2,"Hit movie"
Jackals,5.4,"One-time-watch movie"
Jagveld,5.9,"One-time-watch movie"
"Jahr des Tigers",5.6,"One-time-watch movie"
"Jai mat ze moon",5.2,"One-time-watch movie"
Jang-san-beom,5.5,"One-time-watch movie"
Jasmine,5.7,"One-time-watch movie"
"Jasper Jones",6.6,"One-time-watch movie"
Jawaan,4.7,"Flop movie"
"Jekyll Island",4.2,"Flop movie"
Jessie,7.2,"Hit movie"
"Ji qi zhi xue",5.2,"One-time-watch movie"
Jigsaw,5.8,"One-time-watch movie"
Jiivi,7.9,"Hit movie"
Joel,4.3,"Flop movie"
"John Wick: Chapter 2",7.5,"Hit movie"
"John Wick: Chapter 3 - Parabellum",7.6,"Hit movie"
Joker,8.8,"Superhit movie"
Joseph,8.2,"Superhit movie"
Josie,5.5,"One-time-watch movie"
"Journal 64",7.4,"Hit movie"
"Judgementall Hai Kya",6.0,"One-time-watch movie"
Jungle,6.7,"One-time-watch movie"
"Jûni-nin no shinitai kodomo-tachi",5.7,"One-time-watch movie"
"Juzni vetar",8.3,"Superhit movie"
K.O.,5.4,"One-time-watch movie"
Kaabil,7.1,"Hit movie"
Kaalakaandi,6.2,"One-time-watch movie"
Kääntöpiste,6.1,"One-time-watch movie"
Kaappaan,6.7,"One-time-watch movie"
"Kaashi in Search of Ganga",5.6,"One-time-watch movie"
Kaaviyyan,5.6,"One-time-watch movie"
Kabir,5.8,"One-time-watch movie"
"Kadaram Kondan",5.8,"One-time-watch movie"
Kaithi,8.9,"Superhit movie"
"Kala Viplavam Pranayam",4.7,"Flop movie"
Kaleidoscope,5.7,"One-time-watch movie"
Kalki,7.3,"Hit movie"
"Kargar sadeh niazmandim",5.8,"One-time-watch movie"
Karma,6.9,"One-time-watch movie"
Karuppan,5.6,"One-time-watch movie"
Kasablanka,6.7,"One-time-watch movie"
Kataka,7.7,"Hit movie"
Kavacha,8.4,"Superhit movie"
Kavacham,5.7,"One-time-watch movie"
Kavaludaari,8.1,"Superhit movie"
Kavan,7.1,"Hit movie"
Kaygi,6.6,"One-time-watch movie"
Kee,5.2,"One-time-watch movie"
"Keep Watching",4.3,"Flop movie"
Keshava,6.4,"One-time-watch movie"
Khamoshi,3.7,"Flop movie"
"Khaneye dokhtar",5.3,"One-time-watch movie"
Khoj,6.8,"One-time-watch movie"
Kidnap,5.9,"One-time-watch movie"
"Kidnapping Stella",4.8,"Flop movie"
"Kill Chain",5.2,"One-time-watch movie"
"Kill Switch",4.8,"Flop movie"
"Killer in a Red Dress",4.8,"Flop movie"
"Killer in Law",5.1,"One-time-watch movie"
"Killer Kate!",3.6,"Flop movie"
"Killer Under the Bed",5.5,"One-time-watch movie"
"Killers Within",5.1,"One-time-watch movie"
"Killing Ground",5.8,"One-time-watch movie"
"Killing Gunther",4.7,"Flop movie"
"Kings Bay",5.8,"One-time-watch movie"
Knuckleball,5.7,"One-time-watch movie"
"Kolaiyuthir Kaalam",2.7,"Flop movie"
Konvert,5.5,"One-time-watch movie"
Konwój,5.9,"One-time-watch movie"
Koxa,4.2,"Flop movie"
"Krampus: The Christmas Devil",1.6,"Flop movie"
"Kuang shou",5.5,"One-time-watch movie"
"Kundschafter des Friedens",5.8,"One-time-watch movie"
"Kung Fu Traveler",5.4,"One-time-watch movie"
"Kurangu Bommai",8.1,"Superhit movie"
"Kuttram 23",7.3,"Hit movie"
"La Cordillera",6.0,"One-time-watch movie"
"La hora final",6.1,"One-time-watch movie"
"La llorona",7.1,"Hit movie"
"La Misma Sangre",6.0,"One-time-watch movie"
"La niebla y la doncella",5.4,"One-time-watch movie"
"La nuit a dévoré le monde",6.0,"One-time-watch movie"
"La quietud",6.1,"One-time-watch movie"
"La ragazza nella nebbia",6.8,"One-time-watch movie"
"La sombra de la ley",6.3,"One-time-watch movie"
"Laal Kabootar",7.9,"Hit movie"
Ladyworld,3.2,"Flop movie"
"Laissez bronzer les cadavres",6.2,"One-time-watch movie"
Lakshyam,5.6,"One-time-watch movie"
"Land of Smiles",4.5,"Flop movie"
"Land of the Little People",6.5,"One-time-watch movie"
Larceny,3.4,"Flop movie"
"Las grietas de Jara",5.7,"One-time-watch movie"
"Las tinieblas",5.7,"One-time-watch movie"
Lasso,4.6,"Flop movie"
"Last Ferry",7.2,"Hit movie"
"Last Seen in Idaho",5.1,"One-time-watch movie"
Lavender,5.3,"One-time-watch movie"
Lazarat,5.3,"One-time-watch movie"
"Le chant du loup",7.0,"Hit movie"
"Le serpent aux mille coupures",6.0,"One-time-watch movie"
Leatherface,5.0,"One-time-watch movie"
Legionario,6.5,"One-time-watch movie"
Lens,7.0,"Hit movie"
"Les fauves",5.0,"One-time-watch movie"
"Let Her Out",4.4,"Flop movie"
"Level 16",5.9,"One-time-watch movie"
LIE,5.9,"One-time-watch movie"
"Lie Low",5.0,"One-time-watch movie"
Liebmann,5.3,"One-time-watch movie"
"Lies We Tell",4.0,"Flop movie"
Life,6.6,"One-time-watch movie"
"Life in the Hole",6.4,"One-time-watch movie"
"Life Like",5.4,"One-time-watch movie"
Lifechanger,5.3,"One-time-watch movie"
Like.Share.Follow.,5.1,"One-time-watch movie"
Lilli,5.7,"One-time-watch movie"
"Linhas de Sangue",3.4,"Flop movie"
Live,3.6,"Flop movie"
"Live Cargo",4.6,"Flop movie"
"London Fields",4.3,"Flop movie"
"Long Lost",5.0,"One-time-watch movie"
"Look Away",6.2,"One-time-watch movie"
"Looking Glass",4.5,"Flop movie"
"Loon Lake",5.5,"One-time-watch movie"
"Loosideu deurim",6.1,"One-time-watch movie"
"Los Angeles Overnight",6.2,"One-time-watch movie"
"Lost Angelas",8.8,"Superhit movie"
"Lost Fare",4.5,"Flop movie"
"Lost Solace",4.1,"Flop movie"
Lottery,5.8,"One-time-watch movie"
"Love Me Not",6.1,"One-time-watch movie"
Lover,5.7,"One-time-watch movie"
Loverboy,5.8,"One-time-watch movie"
"Low Tide",6.1,"One-time-watch movie"
Lucid,6.2,"One-time-watch movie"
"Lucky Day",5.0,"One-time-watch movie"
Lukas,5.9,"One-time-watch movie"
Luna,5.5,"One-time-watch movie"
Lupt,7.7,"Hit movie"
Luz,5.6,"One-time-watch movie"
Lycan,6.4,"One-time-watch movie"
Lyst,3.9,"Flop movie"
M.F.A.,6.1,"One-time-watch movie"
M/M,4.9,"Flop movie"
Ma,5.6,"One-time-watch movie"
Maanagaram,8.1,"Superhit movie"
Maatr,4.5,"Flop movie"
Madre,7.0,"Hit movie"
Madre,5.6,"One-time-watch movie"
Madtown,6.3,"One-time-watch movie"
Magamuni,8.1,"Superhit movie"
Magellan,5.1,"One-time-watch movie"
"Maghzhaye Koochake Zang Zadeh",7.6,"Hit movie"
"Mai mee Samui samrab ter",6.1,"One-time-watch movie"
"Majaray Nimrooz: Radde Khoon",6.5,"One-time-watch movie"
"Mal Nosso",5.4,"One-time-watch movie"
Malicious,5.0,"One-time-watch movie"
Manu,8.0,"Superhit movie"
Manyak,5.9,"One-time-watch movie"
Mara,5.1,"One-time-watch movie"
Maracaibo,6.3,"One-time-watch movie"
Maradona,6.5,"One-time-watch movie"
"Marlina si Pembunuh dalam Empat Babak",7.0,"Hit movie"
"Mata Batin",5.1,"One-time-watch movie"
"Mata Batin 2",5.5,"One-time-watch movie"
Matriarch,5.7,"One-time-watch movie"
"Maze Runner: The Death Cure",6.2,"One-time-watch movie"
"Mean Dreams",6.3,"One-time-watch movie"
"Memorias de lo que no fue",4.6,"Flop movie"
Mercury,6.2,"One-time-watch movie"
"Mercy Black",4.9,"Flop movie"
Mersal,7.7,"Hit movie"
"Message from the King",6.4,"One-time-watch movie"
"Message Man",6.7,"One-time-watch movie"
"Metri Shesh Va Nim",7.9,"Hit movie"
Midnighters,5.3,"One-time-watch movie"
"Mientras el Lobo No Está",7.7,"Hit movie"
Mikhael,5.0,"One-time-watch movie"
"Mile 22",6.1,"One-time-watch movie"
Milliard,2.7,"Flop movie"
"Mind and Machine",3.0,"Flop movie"
MindGamers,3.8,"Flop movie"
"Mirror Game",6.1,"One-time-watch movie"
"Miss Sloane",7.5,"Hit movie"
Missing,5.7,"One-time-watch movie"
"Mission: Impossible - Fallout",7.8,"Hit movie"
"Mississippi Murder",3.5,"Flop movie"
"Misteri Dilaila",5.7,"One-time-watch movie"
Mok-gyeok-ja,6.3,"One-time-watch movie"
Mom,7.3,"Hit movie"
"Mom and Dad",5.5,"One-time-watch movie"
"Mon garçon",5.8,"One-time-watch movie"
Mona_Darling,5.2,"One-time-watch movie"
Money,5.5,"One-time-watch movie"
Money,6.6,"One-time-watch movie"
Monochrome,5.0,"One-time-watch movie"
Monolith,4.7,"Flop movie"
Monos,7.5,"Hit movie"
"Monster Party",5.4,"One-time-watch movie"
"Monsters and Men",5.7,"One-time-watch movie"
"Morto Não Fala",6.1,"One-time-watch movie"
"Most Beautiful Island",5.7,"One-time-watch movie"
Motorrad,4.7,"Flop movie"
"Mountain Fever",3.5,"Flop movie"
"Mr. & Ms. Rowdy",4.7,"Flop movie"
"Mr. Jones",6.7,"One-time-watch movie"
"Mu hou wan jia",5.4,"One-time-watch movie"
"Mu ji zhe",7.1,"Hit movie"
"Muere, monstruo, muere",5.3,"One-time-watch movie"
Muse,3.7,"Flop movie"
Muse,5.4,"One-time-watch movie"
Mute,5.4,"One-time-watch movie"
"My Birthday Song",5.5,"One-time-watch movie"
"My Pure Land",6.3,"One-time-watch movie"
"Naa Panta Kano",4.3,"Flop movie"
Naachiyar,6.9,"One-time-watch movie"
"Naam Shabana",6.3,"One-time-watch movie"
Nabab,7.7,"Hit movie"
"Ne Zha zhi mo tong jiang shi",7.7,"Hit movie"
Neckan,6.0,"One-time-watch movie"
Needlestick,3.5,"Flop movie"
Negative,4.4,"Flop movie"
Nematoma,7.1,"Hit movie"
"Nene Raju Nene Mantri",5.8,"One-time-watch movie"
Nereus,3.6,"Flop movie"
"Nerkonda Paarvai",8.4,"Superhit movie"
"Net I Die",3.8,"Flop movie"
"Never Here",4.2,"Flop movie"
"Never Hike Alone",6.9,"One-time-watch movie"
"Nguoi Bât Tu",6.5,"One-time-watch movie"
Nibunan,6.6,"One-time-watch movie"
"Nigerian Prince",5.1,"One-time-watch movie"
Night,3.8,"Flop movie"
"Night Bus",7.2,"Hit movie"
"Night Pulse",4.9,"Flop movie"
"Night Zero",3.2,"Flop movie"
Nighthawks,3.3,"Flop movie"
"Nightmare Box",3.0,"Flop movie"
"Nightmare Tenant",5.5,"One-time-watch movie"
Nightworld,4.4,"Flop movie"
Nirdosh,3.8,"Flop movie"
"No Date, No Signature",7.2,"Hit movie"
"No dormirás",5.1,"One-time-watch movie"
"No Way to Live",5.5,"One-time-watch movie"
"Nobel Chor",6.7,"One-time-watch movie"
Noctem,4.2,"Flop movie"
Nomis,5.8,"One-time-watch movie"
"Nommer 37",6.2,"One-time-watch movie"
"Non sono un assassino",5.9,"One-time-watch movie"
"Norman: The Moderate Rise and Tragic Fall of a New York Fixer",6.1,"One-time-watch movie"
"Notes on an Appearance",5.4,"One-time-watch movie"
"Nothing Really Happens",5.3,"One-time-watch movie"
"Nowhere Mind",4.6,"Flop movie"
"Numéro une",6.0,"One-time-watch movie"
"Nur Gott kann mich richten",6.7,"One-time-watch movie"
"O Animal Cordial",6.5,"One-time-watch movie"
"O Banquete",6.1,"One-time-watch movie"
"O lyubvi",5.1,"One-time-watch movie"
"O Paciente: O Caso Tancredo Neves",6.6,"One-time-watch movie"
"O Rastro",5.8,"One-time-watch movie"
Obsession,4.6,"Flop movie"
Occidental,5.4,"One-time-watch movie"
"Odds Are",3.9,"Flop movie"
"Off the Rails",4.9,"Flop movie"
"Okka Kshanam",7.0,"Hit movie"
One,6.0,"One-time-watch movie"
"One Day: Justice Delivered",6.7,"One-time-watch movie"
"One Less God",5.6,"One-time-watch movie"
"Only Mine",4.6,"Flop movie"
"Operation Alamelamma",8.1,"Superhit movie"
"Operation Brothers",6.5,"One-time-watch movie"
"Operation Ragnarök",3.8,"Flop movie"
"Orayiram Kinakkalal",5.9,"One-time-watch movie"
"Oru Mexican Aparatha",6.0,"One-time-watch movie"
"Öteki Taraf",6.2,"One-time-watch movie"
Otryv,4.1,"Flop movie"
"Ouija House",3.0,"Flop movie"
"Out of the Shadows",3.5,"Flop movie"
Overdrive,5.4,"One-time-watch movie"
Oxygen,5.5,"One-time-watch movie"
Painless,6.3,"One-time-watch movie"
"Paint It Red",4.1,"Flop movie"
Pandigai,6.6,"One-time-watch movie"
"Papa, sdokhni",6.8,"One-time-watch movie"
"Paradise Beach",4.4,"Flop movie"
"Paradise Hills",6.1,"One-time-watch movie"
Parallel,6.4,"One-time-watch movie"
Paralytic,4.9,"Flop movie"
"Paranormal Investigation",3.7,"Flop movie"
Parasites,4.0,"Flop movie"
"Party Hard Die Young",6.0,"One-time-watch movie"
Patser,6.7,"One-time-watch movie"
"Paul Sanchez est revenu!",5.7,"One-time-watch movie"
Peppermint,6.5,"One-time-watch movie"
Perception,5.9,"One-time-watch movie"
Perdidos,4.8,"Flop movie"
"Perfect sãnãtos",4.9,"Flop movie"
"Perfect Skin",5.1,"One-time-watch movie"
"Pet Sematary",5.8,"One-time-watch movie"
Piercing,5.6,"One-time-watch movie"
Pihu,6.7,"One-time-watch movie"
Pimped,4.3,"Flop movie"
Pirmdzimtais,5.7,"One-time-watch movie"
"Plagi Breslau",5.1,"One-time-watch movie"
"Playing with Dolls: Havoc",3.8,"Flop movie"
Pledge,5.4,"One-time-watch movie"
"Point Blank",5.6,"One-time-watch movie"
"Point of no Return",4.0,"Flop movie"
Polaroid,5.1,"One-time-watch movie"
"Polícia Federal: A Lei é para Todos",6.8,"One-time-watch movie"
Portal,3.7,"Flop movie"
Possum,5.5,"One-time-watch movie"
"Pozivniy «Banderas»",7.2,"Hit movie"
"Pray for Rain",5.1,"One-time-watch movie"
Prescience,3.5,"Flop movie"
Presumed,5.0,"One-time-watch movie"
"Primrose Lane",3.6,"Flop movie"
Prodigy,6.1,"One-time-watch movie"
Prodigy,3.4,"Flop movie"
Profile,7.3,"Hit movie"
"Project Eden: Vol. I",3.2,"Flop movie"
"Project Ghazi",5.8,"One-time-watch movie"
"Project Ithaca",3.9,"Flop movie"
Prospect,6.2,"One-time-watch movie"
Prowler,3.2,"Flop movie"
"Puen Tee Raluek",6.0,"One-time-watch movie"
"Purity Falls",5.3,"One-time-watch movie"
"Puriyaadha Pudhir",6.6,"One-time-watch movie"
"Pussy Kills",3.6,"Flop movie"
"Puthan Panam",6.0,"One-time-watch movie"
Quarries,4.4,"Flop movie"
Quick,7.3,"Hit movie"
"Quien a hierro mata",7.0,"Hit movie"
Raasta,3.9,"Flop movie"
Raazi,7.8,"Hit movie"
"Rabbia furiosa",5.8,"One-time-watch movie"
Rabbit,5.1,"One-time-watch movie"
"Race 3",2.0,"Flop movie"
Radius,6.2,"One-time-watch movie"
"Raju Gari Gadhi 2",5.3,"One-time-watch movie"
"Raju Gari Gadhi 3",8.8,"Superhit movie"
Rakshasudu,8.4,"Superhit movie"
Ramaleela,7.4,"Hit movie"
"Rambo: Last Blood",6.7,"One-time-watch movie"
"Rapid Eye Movement",4.2,"Flop movie"
"Rapurasu no majo",5.3,"One-time-watch movie"
Rassvet,4.4,"Flop movie"
Ratsasan,8.7,"Superhit movie"
Rattlesnakes,5.5,"One-time-watch movie"
"Ratu Ilmu Hitam",7.4,"Hit movie"
Ravenswood,6.2,"One-time-watch movie"
"Razbudi menya",5.9,"One-time-watch movie"
"Real Cases of Shadow People The Sarah McCormick Story",6.8,"One-time-watch movie"
Recall,2.8,"Flop movie"
"Red Christmas",4.3,"Flop movie"
"Red Letter Day",4.4,"Flop movie"
"Red Room",3.3,"Flop movie"
"Red Sparrow",6.6,"One-time-watch movie"
Redcon-1,4.2,"Flop movie"
Relentless,4.6,"Flop movie"
"Remélem legközelebb sikerül meghalnod:)",7.4,"Hit movie"
Removed,6.4,"One-time-watch movie"
Replace,4.6,"Flop movie"
Replicas,5.5,"One-time-watch movie"
Reprisal,4.2,"Flop movie"
Residue,5.4,"One-time-watch movie"
Restraint,3.9,"Flop movie"
Retina,5.6,"One-time-watch movie"
Retribution,6.0,"One-time-watch movie"
Revenge,6.3,"One-time-watch movie"
Revenger,5.7,"One-time-watch movie"
"Rewind: Die zweite Chance",5.6,"One-time-watch movie"
Ride,5.5,"One-time-watch movie"
Rideshare,5.2,"One-time-watch movie"
"Ridge Runners",3.9,"Flop movie"
"River Runs Red",4.8,"Flop movie"
"Robin Hood",5.3,"One-time-watch movie"
"Rock, Paper, Scissors",4.2,"Flop movie"
"Rocky Mental",5.8,"One-time-watch movie"
Rojo,6.5,"One-time-watch movie"
"Roman J. Israel, Esq.",6.4,"One-time-watch movie"
"Romeo Akbar Walter",6.5,"One-time-watch movie"
Romina,2.2,"Flop movie"
Rondo,4.0,"Flop movie"
Roofied,1.1,"Flop movie"
"Room 37: The Mysterious Death of Johnny Thunders",4.2,"Flop movie"
"Room for Rent",5.8,"One-time-watch movie"
Rosy,4.7,"Flop movie"
"Rough Night",5.2,"One-time-watch movie"
"Ruin Me",5.2,"One-time-watch movie"
"Running Out Of Time",4.0,"Flop movie"
"Running with the Devil",5.4,"One-time-watch movie"
Rupture,4.8,"Flop movie"
"Russkiy Bes",5.7,"One-time-watch movie"
"Rust Creek",5.8,"One-time-watch movie"
Ryde,5.9,"One-time-watch movie"
"S.W.A.T.: Under Siege",4.5,"Flop movie"
"Saab Bahadar",7.2,"Hit movie"
Saaho,5.5,"One-time-watch movie"
Sabrina,4.2,"Flop movie"
Safe,9.5,"Superhit movie"
Saja,6.2,"One-time-watch movie"
"Salinjaui gieokbeob",7.1,"Hit movie"
"Sam Was Here",4.8,"Flop movie"
"Sanctuary; Quite a Conundrum",5.4,"One-time-watch movie"
"Sarajin bam",6.6,"One-time-watch movie"
Sarvann,5.9,"One-time-watch movie"
Sathru,6.1,"One-time-watch movie"
Sathya,6.6,"One-time-watch movie"
Sathya,2.6,"Flop movie"
"Satyameva Jayate",5.6,"One-time-watch movie"
Savageland,5.9,"One-time-watch movie"
"Savita Damodar Paranjpe",6.0,"One-time-watch movie"
Savovi,7.4,"Hit movie"
Sawoleuiggeut,5.6,"One-time-watch movie"
"Scare BNB",4.7,"Flop movie"
"Scars of Xavier",3.8,"Flop movie"
"Scary Stories to Tell in the Dark",6.2,"One-time-watch movie"
"Scary Story Slumber Party",2.8,"Flop movie"
Schoolhouse,2.8,"Flop movie"
Searching,7.7,"Hit movie"
Seberg,5.4,"One-time-watch movie"
"Secret Obsession",4.3,"Flop movie"
Security,5.7,"One-time-watch movie"
Seeds,3.6,"Flop movie"
"Semma Botha Aagatha",5.0,"One-time-watch movie"
"Sequestro Relâmpago",4.8,"Flop movie"
Serenity,5.3,"One-time-watch movie"
Serpent,4.5,"Flop movie"
Setters,5.2,"One-time-watch movie"
"Seung joi nei jor yau",5.4,"One-time-watch movie"
Seven,5.2,"One-time-watch movie"
"Shadow Wolves",3.5,"Flop movie"
Shapludu,7.7,"Hit movie"
Shattered,5.4,"One-time-watch movie"
"She Who Must Burn",4.7,"Flop movie"
Shéhérazade,7.1,"Hit movie"
Shelter,5.4,"One-time-watch movie"
"Shohrat the Trap",6.1,"One-time-watch movie"
Shortwave,4.8,"Flop movie"
"Shot Caller",7.3,"Hit movie"
Shuddhi,8.1,"Superhit movie"
"Si-gan-wi-ui jib",6.3,"One-time-watch movie"
Siberia,4.3,"Flop movie"
"Siew Lup",6.8,"One-time-watch movie"
Silencer,3.8,"Flop movie"
Silencio,4.8,"Flop movie"
"Silent Panic",4.6,"Flop movie"
"Simple Creature",3.9,"Flop movie"
Simran,5.3,"One-time-watch movie"
Sindhubaadh,5.2,"One-time-watch movie"
"Singam 3",6.3,"One-time-watch movie"
"Sivappu Manjal Pachai",7.2,"Hit movie"
"Skin in the Game",4.3,"Flop movie"
Skjelvet,6.2,"One-time-watch movie"
Skybound,5.9,"One-time-watch movie"
Skyscraper,5.8,"One-time-watch movie"
Slasher.com,3.3,"Flop movie"
Sleepless,5.6,"One-time-watch movie"
Sleepwalker,5.1,"One-time-watch movie"
Slender,3.1,"Flop movie"
"Slender Man",3.2,"Flop movie"
"Small Crimes",5.8,"One-time-watch movie"
"Small Town Crime",6.6,"One-time-watch movie"
"Sniper: Ultimate Kill",5.6,"One-time-watch movie"
Solo,7.1,"Hit movie"
Solum,5.1,"One-time-watch movie"
"Somewhere Beyond the Mist",5.9,"One-time-watch movie"
Somnium,3.4,"Flop movie"
"Soul Hunters",6.5,"One-time-watch movie"
"Soul to Keep",4.3,"Flop movie"
Spell,6.2,"One-time-watch movie"
"Spider in the Web",4.5,"Flop movie"
"Spinning Man",5.6,"One-time-watch movie"
Split,7.3,"Hit movie"
Spyder,6.7,"One-time-watch movie"
"St. Agatha",5.1,"One-time-watch movie"
"Staged Killer",3.3,"Flop movie"
Stay,5.1,"One-time-watch movie"
"Steel Country",6.1,"One-time-watch movie"
"Steig. Nicht. Aus!",5.6,"One-time-watch movie"
Still/Born,5.4,"One-time-watch movie"
Stillwater,5.1,"One-time-watch movie"
Stockholm,4.9,"Flop movie"
Storozh,6.3,"One-time-watch movie"
"Strange But True",5.7,"One-time-watch movie"
"Strangers Within",4.0,"Flop movie"
"Strategy and Pursuit",7.4,"Hit movie"
Stratton,4.8,"Flop movie"
"Street Lights",6.6,"One-time-watch movie"
"Strip Club Massacre",6.4,"One-time-watch movie"
Submergence,5.4,"One-time-watch movie"
Subrahmanyapuram,5.6,"One-time-watch movie"
"Sugar Daddies",5.0,"One-time-watch movie"
"Sultan: The Saviour",5.5,"One-time-watch movie"
Sum1,4.0,"Flop movie"
"Sumaho o otoshita dake na no ni",5.5,"One-time-watch movie"
Superfly,5.1,"One-time-watch movie"
"Survival Box",2.9,"Flop movie"
"Svaha: The Sixth Finger",6.3,"One-time-watch movie"
Swallow,6.9,"One-time-watch movie"
"Swathanthryam Ardharathriyil",7.4,"Hit movie"
"Sweet Virginia",6.2,"One-time-watch movie"
Sweetheart,5.5,"One-time-watch movie"
"Take Off",8.3,"Superhit movie"
"Tam jeong 2",6.5,"One-time-watch movie"
Tamaroz,6.6,"One-time-watch movie"
"Tangent Room",4.6,"Flop movie"
Target,4.0,"Flop movie"
Tau,5.8,"One-time-watch movie"
Taxiwaala,7.1,"Hit movie"
"Teenage Cocktail",5.8,"One-time-watch movie"
Tekst,6.8,"One-time-watch movie"
"Tell Me Your Name",3.9,"Flop movie"
"Tempus Tormentum",3.8,"Flop movie"
Ten,4.6,"Flop movie"
"Tera Intezaar",1.7,"Flop movie"
Terminal,5.3,"One-time-watch movie"
Terrifier,5.6,"One-time-watch movie"
Thadam,8.2,"Superhit movie"
"The 13th Friday",3.0,"Flop movie"
"The 15:17 to Paris",5.2,"One-time-watch movie"
"The Angel",6.6,"One-time-watch movie"
"The Answer",4.1,"Flop movie"
"The Appearance",4.6,"Flop movie"
"The Archer",5.1,"One-time-watch movie"
"The Ascent",5.7,"One-time-watch movie"
"The Assignment",4.6,"Flop movie"
"The Atoning",4.1,"Flop movie"
"The Autopsy of Jane Doe",6.8,"One-time-watch movie"
"The Ballerina",4.5,"Flop movie"
"The Beguiled",6.3,"One-time-watch movie"
"The Belko Experiment",6.1,"One-time-watch movie"
"The Big Take",7.0,"Hit movie"
"The Birdcatcher",4.7,"Flop movie"
"The Black String",5.2,"One-time-watch movie"
"The Boat",5.3,"One-time-watch movie"
"The Body Tree",3.8,"Flop movie"
"The Book of Henry",6.6,"One-time-watch movie"
"The Broken Key",2.2,"Flop movie"
"The Burial Of Kojo",6.3,"One-time-watch movie"
"The Burnt Orange Heresy",5.6,"One-time-watch movie"
"The Butler",7.6,"Hit movie"
"The Cabin",3.0,"Flop movie"
"The Capture",5.1,"One-time-watch movie"
"The Car: Road to Revenge",4.1,"Flop movie"
"The Chain",4.6,"Flop movie"
"The Chamber",4.4,"Flop movie"
"The Changeover",5.3,"One-time-watch movie"
"The Child Remains",4.9,"Flop movie"
"The Church",2.8,"Flop movie"
"The Circle",5.3,"One-time-watch movie"
"The Circle",5.3,"One-time-watch movie"
"The Cleaning Lady",5.5,"One-time-watch movie"
"The Coldest Game",6.2,"One-time-watch movie"
"The Collini Case",7.2,"Hit movie"
"The Commuter",6.3,"One-time-watch movie"
"The Corrupted",5.7,"One-time-watch movie"
"The Crossbreed",2.3,"Flop movie"
"The Crucifixion",5.1,"One-time-watch movie"
"The Curse of La Llorona",5.4,"One-time-watch movie"
"The Cutlass",4.3,"Flop movie"
"The Dark Below",4.2,"Flop movie"
"The Dead Center",5.6,"One-time-watch movie"
"The Dig",6.2,"One-time-watch movie"
"The Dinner",4.5,"Flop movie"
"The Doll 2",5.3,"One-time-watch movie"
"The Drownsman",4.1,"Flop movie"
"The Elevator: Three Minutes Can Change Your Life",4.6,"Flop movie"
"The Entitled",6.1,"One-time-watch movie"
"The Equalizer 2",6.7,"One-time-watch movie"
"The Evangelist",6.3,"One-time-watch movie"
"The Evil Inside Her",3.5,"Flop movie"
"The Ex Next Door",5.3,"One-time-watch movie"
"The Executioners",3.8,"Flop movie"
"The Fanatic",4.7,"Flop movie"
"The Farm",3.7,"Flop movie"
"The Farm: En Veettu Thottathil",7.4,"Hit movie"
"The Fast and the Fierce",2.3,"Flop movie"
"The Fate of the Furious",6.7,"One-time-watch movie"
"The Field",4.0,"Flop movie"
"The Follower",4.5,"Flop movie"
"The Forbidden Dimensions",1.6,"Flop movie"
"The Foreigner",7.0,"Hit movie"
"The Forgiven",5.9,"One-time-watch movie"
"The Fox",4.7,"Flop movie"
"The Furies",5.2,"One-time-watch movie"
"The Gallows Act II",4.6,"Flop movie"
"The Garlock Incident",4.6,"Flop movie"
"The Ghazi Attack",7.6,"Hit movie"
"The Ghost and The Whale",4.3,"Flop movie"
"The Ghoul",5.5,"One-time-watch movie"
"The Good Liar",6.5,"One-time-watch movie"
"The Grinn",4.1,"Flop movie"
"The Guardian Angel",5.3,"One-time-watch movie"
"The Guest House",3.7,"Flop movie"
"The Harrowing",4.1,"Flop movie"
"The Harvesting",3.7,"Flop movie"
"The Hatton Garden Job",5.8,"One-time-watch movie"
"The Haunted",3.6,"Flop movie"
"The Haunting of Sharon Tate",2.9,"Flop movie"
"The Hollow One",3.8,"Flop movie"
"The Holly Kane Experiment",5.1,"One-time-watch movie"
"The Honor Farm",3.6,"Flop movie"
"The House of Violent Desire",3.2,"Flop movie"
"The Hummingbird Project",6.2,"One-time-watch movie"
"The Huntress: Rune of the Dead",6.5,"One-time-watch movie"
"The Hurt",3.2,"Flop movie"
"The Husband",5.1,"One-time-watch movie"
"The Inherited",4.3,"Flop movie"
"The Institute",4.1,"Flop movie"
"The Isle",6.1,"One-time-watch movie"
"The Job",6.0,"One-time-watch movie"
"The Journey",6.1,"One-time-watch movie"
"The Kill Team",5.9,"One-time-watch movie"
"The Killing of a Sacred Deer",7.0,"Hit movie"
"The Lake Vampire",5.7,"One-time-watch movie"
"The Last Witness",5.5,"One-time-watch movie"
"The Legend of Halloween Jack",3.1,"Flop movie"
"The Lighthouse",5.1,"One-time-watch movie"
"The Limehouse Golem",6.3,"One-time-watch movie"
"The Line",6.8,"One-time-watch movie"
"The Lodge",6.7,"One-time-watch movie"
"The Mad Whale",5.8,"One-time-watch movie"
"The Man in the Shadows",3.3,"Flop movie"
"The Man in the Wall",5.9,"One-time-watch movie"
"The Man Who Was Thursday",5.0,"One-time-watch movie"
"The Manson Family Massacre",3.2,"Flop movie"
"The Marker",5.5,"One-time-watch movie"
"The Martyr Maker",3.9,"Flop movie"
"The Mason Brothers",5.6,"One-time-watch movie"
"The Men",5.5,"One-time-watch movie"
"The Midnight Man",3.6,"Flop movie"
"The Midnight Matinee",3.7,"Flop movie"
"The Mule",7.0,"Hit movie"
"The Music Box",5.8,"One-time-watch movie"
"The Nanny",4.1,"Flop movie"
"The Neighbor",5.3,"One-time-watch movie"
"The Night Comes for Us",7.0,"Hit movie"
"The Nightingale",7.2,"Hit movie"
"The Nightmare Gallery",3.8,"Flop movie"
"The Nth Ward",3.5,"Flop movie"
"The Nun",5.3,"One-time-watch movie"
"The Nursery",5.5,"One-time-watch movie"
"The Oath",5.3,"One-time-watch movie"
"The Open House",3.2,"Flop movie"
"The Operative",5.6,"One-time-watch movie"
"The Outsider",6.3,"One-time-watch movie"
"The Pages",5.0,"One-time-watch movie"
"The Pale Man",4.4,"Flop movie"
"The Parts You Lose",5.3,"One-time-watch movie"
"The Perception",4.7,"Flop movie"
"The Perfect Host: A Southern Gothic Tale",4.2,"Flop movie"
"The Perfection",6.1,"One-time-watch movie"
"The Place",7.1,"Hit movie"
"The Playground",4.7,"Flop movie"
"The Poison Rose",4.6,"Flop movie"
"The Pool",5.7,"One-time-watch movie"
"The Possession of Hannah Grace",5.2,"One-time-watch movie"
"The Prodigy",5.9,"One-time-watch movie"
"The Rake",3.5,"Flop movie"
"The Recall",4.5,"Flop movie"
"The Redeeming",4.2,"Flop movie"
"The Refuge",6.1,"One-time-watch movie"
"The Report",7.1,"Hit movie"
"The Riot Act",4.4,"Flop movie"
"The Ritual",6.3,"One-time-watch movie"
"The Row",3.3,"Flop movie"
"The Russian Bride",6.0,"One-time-watch movie"
"The Samaritans",4.1,"Flop movie"
"The School",3.8,"Flop movie"
"The Second",4.8,"Flop movie"
"The Snare",3.5,"Flop movie"
"The Sound",3.6,"Flop movie"
"The Spearhead Effect",4.7,"Flop movie"
"The Standoff at Sparrow Creek",6.2,"One-time-watch movie"
"The Strange Ones",5.0,"One-time-watch movie"
"The Stranger Inside",4.7,"Flop movie"
"The Student",4.4,"Flop movie"
"The Summoning",3.9,"Flop movie"
"The Super",6.0,"One-time-watch movie"
"The Surrogate",4.8,"Flop movie"
"The System",2.9,"Flop movie"
"The Tale",7.3,"Hit movie"
"The Tank",4.0,"Flop movie"
"The Tashkent Files",7.9,"Hit movie"
"The Terrible Two",2.3,"Flop movie"
"The Tooth and the Nail",6.4,"One-time-watch movie"
"The Toybox",3.7,"Flop movie"
"The Tracker",3.2,"Flop movie"
"The Transcendents",7.8,"Hit movie"
"The Unseen",4.2,"Flop movie"
"The Village in the Woods",6.6,"One-time-watch movie"
"The Villagers",5.8,"One-time-watch movie"
"The Villain",5.8,"One-time-watch movie"
"The Wall",6.2,"One-time-watch movie"
"The Wasting",4.1,"Flop movie"
"The Watcher",5.6,"One-time-watch movie"
"The Wedding Guest",5.6,"One-time-watch movie"
"The Wicked Gift",5.6,"One-time-watch movie"
"The Wicked One",3.6,"Flop movie"
"The Witch Files",4.4,"Flop movie"
"The Wolf Hour",4.8,"Flop movie"
"The Worthy",5.2,"One-time-watch movie"
"The Wrong Daughter",5.1,"One-time-watch movie"
"The Wrong Friend",4.7,"Flop movie"
"The Wrong Mother",5.5,"One-time-watch movie"
"The Wrong Nanny",4.8,"Flop movie"
"The Wrong Son",5.3,"One-time-watch movie"
"The Young Cannibals",3.6,"Flop movie"
"Theeran Adhigaaram Ondru",8.3,"Superhit movie"
"Them That Follow",5.2,"One-time-watch movie"
"They Remain",4.2,"Flop movie"
"Thiruttu Payale 2",6.7,"One-time-watch movie"
"This Is Your Death",5.6,"One-time-watch movie"
"This Old Machine",2.0,"Flop movie"
"Thondimuthalum Dhriksakshiyum",8.2,"Superhit movie"
Thoroughbreds,6.7,"One-time-watch movie"
Thriller,3.8,"Flop movie"
Thumper,5.8,"One-time-watch movie"
"Thuppaki Munai",6.3,"One-time-watch movie"
Thupparivaalan,7.5,"Hit movie"
Tiere,6.7,"One-time-watch movie"
"Tiger Zinda Hai",6.0,"One-time-watch movie"
"Tik Tik Tik",6.1,"One-time-watch movie"
"Til Death Do Us Part",4.5,"Flop movie"
Tilt,5.0,"One-time-watch movie"
Tiyaan,6.7,"One-time-watch movie"
"To thávma tis thálassas ton Sargassón",5.7,"One-time-watch movie"
"Together For Ever",5.8,"One-time-watch movie"
"Tomato Red",5.9,"One-time-watch movie"
Tone-Deaf,4.8,"Flop movie"
Totem,4.5,"Flop movie"
"Tout nous sépare",5.0,"One-time-watch movie"
Trafficked,5.6,"One-time-watch movie"
Transfert,7.4,"Hit movie"
Trapped,7.5,"Hit movie"
"Trench 11",5.3,"One-time-watch movie"
Trendy,5.5,"One-time-watch movie"
Trezor,7.1,"Hit movie"
Trhlina,5.6,"One-time-watch movie"
Trickster,3.7,"Flop movie"
"Triple Threat",5.5,"One-time-watch movie"
"Trois jours et une vie",6.6,"One-time-watch movie"
"True Crimes",5.1,"One-time-watch movie"
Truth,7.3,"Hit movie"
"Truth or Dare",5.1,"One-time-watch movie"
Tueurs,6.1,"One-time-watch movie"
Tutsak,5.2,"One-time-watch movie"
"Twin Betrayal",5.4,"One-time-watch movie"
"Two Down",7.2,"Hit movie"
"Two Graves",4.2,"Flop movie"
"Two Pigeons",5.4,"One-time-watch movie"
U-Turn,7.0,"Hit movie"
"Üç Harfliler: Adak",7.0,"Hit movie"
"Ultimate Justice",4.2,"Flop movie"
"Una especie de familia",6.3,"One-time-watch movie"
Unda,8.1,"Superhit movie"
"Une vie violente",6.0,"One-time-watch movie"
Unforgettable,5.1,"One-time-watch movie"
"Unfriended: Dark Web",5.9,"One-time-watch movie"
Unhinged,4.1,"Flop movie"
"Until Midnight",8.0,"Superhit movie"
Unwritten,3.1,"Flop movie"
"Uriyadi 2",7.3,"Hit movie"
Uru,5.9,"One-time-watch movie"
Urvi,7.0,"Hit movie"
Us,6.9,"One-time-watch movie"
"Us and Them",5.1,"One-time-watch movie"
"Utøya 22. juli",7.3,"Hit movie"
V.I.P.,6.3,"One-time-watch movie"
Valhalla,7.4,"Hit movie"
"Valley of Bones",4.1,"Flop movie"
"Valley of the Sasquatch",3.6,"Flop movie"
Vals,5.0,"One-time-watch movie"
Varathan,7.5,"Hit movie"
Vargur,6.1,"One-time-watch movie"
"Varikkuzhiyile Kolapathakam",6.4,"One-time-watch movie"
Vault,5.4,"One-time-watch movie"
"Veera Bhoga Vasantha Rayalu",6.6,"One-time-watch movie"
Velaikkaran,7.3,"Hit movie"
Vellaipookal,7.3,"Hit movie"
"Velvet Buzzsaw",5.7,"One-time-watch movie"
Venom,6.7,"One-time-watch movie"
"Ventajas de viajar en tren",7.2,"Hit movie"
Vera,7.4,"Hit movie"
Verna,7.2,"Hit movie"
Verónica,5.8,"One-time-watch movie"
Videomannen,5.7,"One-time-watch movie"
Vikadakumaran,6.0,"One-time-watch movie"
"Vikram Vedha",8.7,"Superhit movie"
Viktorville,6.8,"One-time-watch movie"
Villain,6.4,"One-time-watch movie"
"Vincent N Roxxy",5.5,"One-time-watch movie"
"Vinci Da",7.2,"Hit movie"
Virus,8.1,"Superhit movie"
"Virus of the Dead",2.8,"Flop movie"
"Vishwaroopam 2",5.9,"One-time-watch movie"
Vivegam,5.7,"One-time-watch movie"
"Vodka Diaries",5.6,"One-time-watch movie"
"Voice from the Stone",5.2,"One-time-watch movie"
Voidfinder,5.9,"One-time-watch movie"
Volt,5.1,"One-time-watch movie"
Voyoucratie,5.8,"One-time-watch movie"
"Wake Up",5.0,"One-time-watch movie"
War,6.8,"One-time-watch movie"
"Warning Shot",5.1,"One-time-watch movie"
Watchman,5.3,"One-time-watch movie"
"We Are Monsters",3.4,"Flop movie"
"We Belong Together",4.6,"Flop movie"
"We Go On",5.8,"One-time-watch movie"
"We Have Always Lived in the Castle",5.6,"One-time-watch movie"
Webcast,5.7,"One-time-watch movie"
"Welcome Home",5.2,"One-time-watch movie"
"Welcome to Acapulco",4.2,"Flop movie"
"Welcome to Curiosity",5.4,"One-time-watch movie"
Wetlands,4.3,"Flop movie"
"What Death Leaves Behind",8.3,"Superhit movie"
"What Keeps You Alive",5.7,"One-time-watch movie"
"What Lies Ahead",3.4,"Flop movie"
"What Still Remains",4.6,"Flop movie"
"Where the Devil Dwells",4.7,"Flop movie"
"Where the Skin Lies",4.0,"Flop movie"
Whispers,4.4,"Flop movie"
"White Orchid",5.1,"One-time-watch movie"
Widows,6.9,"One-time-watch movie"
"Wild for the Night",4.1,"Flop movie"
Witch-Hunt,5.5,"One-time-watch movie"
"Witches in the Woods",4.1,"Flop movie"
Witnesses,6.1,"One-time-watch movie"
"Wolves at the Door",4.5,"Flop movie"
Woodshock,4.2,"Flop movie"
Woosang,5.8,"One-time-watch movie"
"Would You Rather",5.7,"One-time-watch movie"
Wraith,3.4,"Flop movie"
Wrecker,3.4,"Flop movie"
X.,6.5,"One-time-watch movie"
"Xian yi ren X de xian shen",6.2,"One-time-watch movie"
"Xue bao",5.9,"One-time-watch movie"
"Xue guan yin",7.4,"Hit movie"
"xXx: Return of Xander Cage",5.2,"One-time-watch movie"
Yaman,6.3,"One-time-watch movie"
Yazh,8.3,"Superhit movie"
Yeo-gyo-sa,5.9,"One-time-watch movie"
"Yin bao zhe",5.9,"One-time-watch movie"
"Yol kenari",6.7,"One-time-watch movie"
"Your Move",3.8,"Flop movie"
"Yuddham Sharanam",6.0,"One-time-watch movie"
Zavod,7.0,"Hit movie"
"Zero 3",6.6,"One-time-watch movie"
"Zhan lang II",6.0,"One-time-watch movie"
"Zhui bu",5.2,"One-time-watch movie"
"Zombies Have Fallen",6.5,"One-time-watch movie"
"Zona hostil",6.3,"One-time-watch movie"
Zoo-Head,3.3,"Flop movie"
"Zuo jia de huang yan: Bi zhong you zui",5.8,"One-time-watch movie"
